Date,  originally from https://www.ncei.noaa.gov/data/noaa-global-surface-temperature/v6/access/timeseries/  missing value -99 https://psl.noaa.gov/data/timeseries/month/
1850-01-01,-0.771
1850-02-01,-0.548
1850-03-01,-0.562
1850-04-01,-0.676
1850-05-01,-0.606
1850-06-01,-0.396
1850-07-01,-0.336
1850-08-01,-0.289
1850-09-01,-0.383
1850-10-01,-0.597
1850-11-01,-0.454
1850-12-01,-0.355
1851-01-01,-0.489
1851-02-01,-0.408
1851-03-01,-0.591
1851-04-01,-0.667
1851-05-01,-0.584
1851-06-01,-0.454
1851-07-01,-0.235
1851-08-01,-0.196
1851-09-01,-0.239
1851-10-01,-0.131
1851-11-01,-0.347
1851-12-01,-0.378
1852-01-01,-0.34
1852-02-01,-0.576
1852-03-01,-0.754
1852-04-01,-0.648
1852-05-01,-0.416
1852-06-01,-0.203
1852-07-01,-0.23
1852-08-01,-0.168
1852-09-01,-0.217
1852-10-01,-0.196
1852-11-01,-0.229
1852-12-01,-0.301
1853-01-01,-0.441
1853-02-01,-0.589
1853-03-01,-0.566
1853-04-01,-0.599
1853-05-01,-0.407
1853-06-01,-0.309
1853-07-01,-0.187
1853-08-01,-0.271
1853-09-01,-0.35
1853-10-01,-0.378
1853-11-01,-0.424
1853-12-01,-0.417
1854-01-01,-0.597
1854-02-01,-0.527
1854-03-01,-0.369
1854-04-01,-0.452
1854-05-01,-0.409
1854-06-01,-0.382
1854-07-01,-0.308
1854-08-01,-0.352
1854-09-01,-0.335
1854-10-01,-0.206
1854-11-01,-0.246
1854-12-01,-0.279
1855-01-01,-0.397
1855-02-01,-0.417
1855-03-01,-0.401
1855-04-01,-0.402
1855-05-01,-0.402
1855-06-01,-0.381
1855-07-01,-0.428
1855-08-01,-0.391
1855-09-01,-0.372
1855-10-01,-0.255
1855-11-01,-0.347
1855-12-01,-0.431
1856-01-01,-0.139
1856-02-01,-0.364
1856-03-01,-0.471
1856-04-01,-0.529
1856-05-01,-0.53
1856-06-01,-0.34
1856-07-01,-0.444
1856-08-01,-0.558
1856-09-01,-0.511
1856-10-01,-0.665
1856-11-01,-0.471
1856-12-01,-0.434
1857-01-01,-0.464
1857-02-01,-0.683
1857-03-01,-0.526
1857-04-01,-0.609
1857-05-01,-0.663
1857-06-01,-0.504
1857-07-01,-0.465
1857-08-01,-0.463
1857-09-01,-0.47
1857-10-01,-0.46
1857-11-01,-0.417
1857-12-01,-0.294
1858-01-01,-0.449
1858-02-01,-0.57
1858-03-01,-0.461
1858-04-01,-0.505
1858-05-01,-0.692
1858-06-01,-0.492
1858-07-01,-0.448
1858-08-01,-0.441
1858-09-01,-0.502
1858-10-01,-0.392
1858-11-01,-0.419
1858-12-01,-0.523
1859-01-01,-0.47
1859-02-01,-0.403
1859-03-01,-0.361
1859-04-01,-0.362
1859-05-01,-0.284
1859-06-01,-0.353
1859-07-01,-0.444
1859-08-01,-0.317
1859-09-01,-0.431
1859-10-01,-0.394
1859-11-01,-0.329
1859-12-01,-0.191
1860-01-01,-0.45
1860-02-01,-0.53
1860-03-01,-0.562
1860-04-01,-0.53
1860-05-01,-0.577
1860-06-01,-0.46
1860-07-01,-0.521
1860-08-01,-0.463
1860-09-01,-0.531
1860-10-01,-0.536
1860-11-01,-0.544
1860-12-01,-0.777
1861-01-01,-0.94
1861-02-01,-0.859
1861-03-01,-0.632
1861-04-01,-0.644
1861-05-01,-0.699
1861-06-01,-0.562
1861-07-01,-0.461
1861-08-01,-0.435
1861-09-01,-0.42
1861-10-01,-0.54
1861-11-01,-0.362
1861-12-01,-0.557
1862-01-01,-0.754
1862-02-01,-0.821
1862-03-01,-0.716
1862-04-01,-0.743
1862-05-01,-0.721
1862-06-01,-0.535
1862-07-01,-0.582
1862-08-01,-0.577
1862-09-01,-0.562
1862-10-01,-0.618
1862-11-01,-0.478
1862-12-01,-0.771
1863-01-01,-0.448
1863-02-01,-0.591
1863-03-01,-0.482
1863-04-01,-0.478
1863-05-01,-0.551
1863-06-01,-0.495
1863-07-01,-0.536
1863-08-01,-0.503
1863-09-01,-0.59
1863-10-01,-0.537
1863-11-01,-0.441
1863-12-01,-0.516
1864-01-01,-0.651
1864-02-01,-0.591
1864-03-01,-0.553
1864-04-01,-0.524
1864-05-01,-0.417
1864-06-01,-0.347
1864-07-01,-0.4
1864-08-01,-0.509
1864-09-01,-0.55
1864-10-01,-0.545
1864-11-01,-0.425
1864-12-01,-0.588
1865-01-01,-0.173
1865-02-01,-0.563
1865-03-01,-0.572
1865-04-01,-0.588
1865-05-01,-0.551
1865-06-01,-0.358
1865-07-01,-0.299
1865-08-01,-0.266
1865-09-01,-0.297
1865-10-01,-0.322
1865-11-01,-0.324
1865-12-01,-0.372
1866-01-01,-0.299
1866-02-01,-0.322
1866-03-01,-0.493
1866-04-01,-0.504
1866-05-01,-0.49
1866-06-01,-0.436
1866-07-01,-0.308
1866-08-01,-0.476
1866-09-01,-0.417
1866-10-01,-0.443
1866-11-01,-0.392
1866-12-01,-0.325
1867-01-01,-0.488
1867-02-01,-0.648
1867-03-01,-0.612
1867-04-01,-0.734
1867-05-01,-0.676
1867-06-01,-0.453
1867-07-01,-0.489
1867-08-01,-0.338
1867-09-01,-0.307
1867-10-01,-0.37
1867-11-01,-0.339
1867-12-01,-0.517
1868-01-01,-0.696
1868-02-01,-0.589
1868-03-01,-0.435
1868-04-01,-0.533
1868-05-01,-0.432
1868-06-01,-0.348
1868-07-01,-0.386
1868-08-01,-0.311
1868-09-01,-0.379
1868-10-01,-0.313
1868-11-01,-0.554
1868-12-01,-0.375
1869-01-01,-0.288
1869-02-01,-0.229
1869-03-01,-0.394
1869-04-01,-0.498
1869-05-01,-0.361
1869-06-01,-0.366
1869-07-01,-0.39
1869-08-01,-0.451
1869-09-01,-0.445
1869-10-01,-0.455
1869-11-01,-0.216
1869-12-01,-0.373
1870-01-01,-0.475
1870-02-01,-0.624
1870-03-01,-0.49
1870-04-01,-0.533
1870-05-01,-0.452
1870-06-01,-0.358
1870-07-01,-0.325
1870-08-01,-0.315
1870-09-01,-0.403
1870-10-01,-0.531
1870-11-01,-0.504
1870-12-01,-0.667
1871-01-01,-0.671
1871-02-01,-0.663
1871-03-01,-0.371
1871-04-01,-0.334
1871-05-01,-0.442
1871-06-01,-0.311
1871-07-01,-0.323
1871-08-01,-0.378
1871-09-01,-0.503
1871-10-01,-0.536
1871-11-01,-0.553
1871-12-01,-0.509
1872-01-01,-0.591
1872-02-01,-0.613
1872-03-01,-0.511
1872-04-01,-0.633
1872-05-01,-0.496
1872-06-01,-0.432
1872-07-01,-0.403
1872-08-01,-0.309
1872-09-01,-0.4
1872-10-01,-0.469
1872-11-01,-0.538
1872-12-01,-0.621
1873-01-01,-0.525
1873-02-01,-0.561
1873-03-01,-0.747
1873-04-01,-0.752
1873-05-01,-0.554
1873-06-01,-0.412
1873-07-01,-0.377
1873-08-01,-0.339
1873-09-01,-0.395
1873-10-01,-0.381
1873-11-01,-0.472
1873-12-01,-0.521
1874-01-01,-0.529
1874-02-01,-0.548
1874-03-01,-0.728
1874-04-01,-0.617
1874-05-01,-0.664
1874-06-01,-0.479
1874-07-01,-0.535
1874-08-01,-0.499
1874-09-01,-0.426
1874-10-01,-0.438
1874-11-01,-0.558
1874-12-01,-0.406
1875-01-01,-0.445
1875-02-01,-0.553
1875-03-01,-0.561
1875-04-01,-0.512
1875-05-01,-0.521
1875-06-01,-0.414
1875-07-01,-0.395
1875-08-01,-0.455
1875-09-01,-0.5
1875-10-01,-0.475
1875-11-01,-0.674
1875-12-01,-0.779
1876-01-01,-0.543
1876-02-01,-0.753
1876-03-01,-0.535
1876-04-01,-0.622
1876-05-01,-0.795
1876-06-01,-0.436
1876-07-01,-0.47
1876-08-01,-0.469
1876-09-01,-0.471
1876-10-01,-0.362
1876-11-01,-0.551
1876-12-01,-0.564
1877-01-01,-0.412
1877-02-01,-0.405
1877-03-01,-0.248
1877-04-01,-0.354
1877-05-01,-0.286
1877-06-01,-0.209
1877-07-01,-0.012
1877-08-01,-0.147
1877-09-01,-0.104
1877-10-01,0.002
1877-11-01,0.068
1877-12-01,-0.165
1878-01-01,-0.175
1878-02-01,-0.13
1878-03-01,0.074
1878-04-01,-0.171
1878-05-01,-0.265
1878-06-01,-0.074
1878-07-01,-0.081
1878-08-01,-0.202
1878-09-01,-0.181
1878-10-01,-0.318
1878-11-01,-0.344
1878-12-01,-0.34
1879-01-01,-0.367
1879-02-01,-0.477
1879-03-01,-0.384
1879-04-01,-0.468
1879-05-01,-0.406
1879-06-01,-0.384
1879-07-01,-0.308
1879-08-01,-0.454
1879-09-01,-0.452
1879-10-01,-0.454
1879-11-01,-0.543
1879-12-01,-0.638
1880-01-01,-0.622
1880-02-01,-0.73
1880-03-01,-0.501
1880-04-01,-0.418
1880-05-01,-0.43
1880-06-01,-0.431
1880-07-01,-0.506
1880-08-01,-0.33
1880-09-01,-0.424
1880-10-01,-0.492
1880-11-01,-0.462
1880-12-01,-0.433
1881-01-01,-0.424
1881-02-01,-0.474
1881-03-01,-0.395
1881-04-01,-0.288
1881-05-01,-0.24
1881-06-01,-0.465
1881-07-01,-0.3
1881-08-01,-0.378
1881-09-01,-0.474
1881-10-01,-0.522
1881-11-01,-0.531
1881-12-01,-0.317
1882-01-01,-0.221
1882-02-01,-0.426
1882-03-01,-0.403
1882-04-01,-0.522
1882-05-01,-0.41
1882-06-01,-0.548
1882-07-01,-0.513
1882-08-01,-0.404
1882-09-01,-0.443
1882-10-01,-0.554
1882-11-01,-0.518
1882-12-01,-0.582
1883-01-01,-0.497
1883-02-01,-0.667
1883-03-01,-0.452
1883-04-01,-0.525
1883-05-01,-0.459
1883-06-01,-0.262
1883-07-01,-0.382
1883-08-01,-0.528
1883-09-01,-0.554
1883-10-01,-0.526
1883-11-01,-0.518
1883-12-01,-0.545
1884-01-01,-0.531
1884-02-01,-0.48
1884-03-01,-0.758
1884-04-01,-0.716
1884-05-01,-0.62
1884-06-01,-0.571
1884-07-01,-0.627
1884-08-01,-0.593
1884-09-01,-0.623
1884-10-01,-0.633
1884-11-01,-0.64
1884-12-01,-0.405
1885-01-01,-0.717
1885-02-01,-0.614
1885-03-01,-0.711
1885-04-01,-0.744
1885-05-01,-0.593
1885-06-01,-0.678
1885-07-01,-0.56
1885-08-01,-0.481
1885-09-01,-0.561
1885-10-01,-0.51
1885-11-01,-0.531
1885-12-01,-0.379
1886-01-01,-0.614
1886-02-01,-0.7
1886-03-01,-0.8
1886-04-01,-0.574
1886-05-01,-0.562
1886-06-01,-0.586
1886-07-01,-0.484
1886-08-01,-0.514
1886-09-01,-0.544
1886-10-01,-0.564
1886-11-01,-0.571
1886-12-01,-0.515
1887-01-01,-0.951
1887-02-01,-0.786
1887-03-01,-0.701
1887-04-01,-0.65
1887-05-01,-0.642
1887-06-01,-0.558
1887-07-01,-0.564
1887-08-01,-0.552
1887-09-01,-0.467
1887-10-01,-0.632
1887-11-01,-0.533
1887-12-01,-0.663
1888-01-01,-0.46
1888-02-01,-0.618
1888-03-01,-0.636
1888-04-01,-0.583
1888-05-01,-0.474
1888-06-01,-0.39
1888-07-01,-0.307
1888-08-01,-0.376
1888-09-01,-0.437
1888-10-01,-0.14
1888-11-01,-0.183
1888-12-01,-0.271
1889-01-01,-0.251
1889-02-01,-0.107
1889-03-01,-0.257
1889-04-01,-0.256
1889-05-01,-0.222
1889-06-01,-0.332
1889-07-01,-0.371
1889-08-01,-0.386
1889-09-01,-0.416
1889-10-01,-0.442
1889-11-01,-0.569
1889-12-01,-0.567
1890-01-01,-0.65
1890-02-01,-0.693
1890-03-01,-0.705
1890-04-01,-0.708
1890-05-01,-0.606
1890-06-01,-0.57
1890-07-01,-0.555
1890-08-01,-0.614
1890-09-01,-0.684
1890-10-01,-0.51
1890-11-01,-0.7
1890-12-01,-0.647
1891-01-01,-0.6
1891-02-01,-0.858
1891-03-01,-0.555
1891-04-01,-0.545
1891-05-01,-0.445
1891-06-01,-0.409
1891-07-01,-0.416
1891-08-01,-0.463
1891-09-01,-0.478
1891-10-01,-0.457
1891-11-01,-0.629
1891-12-01,-0.459
1892-01-01,-0.504
1892-02-01,-0.435
1892-03-01,-0.583
1892-04-01,-0.585
1892-05-01,-0.625
1892-06-01,-0.526
1892-07-01,-0.622
1892-08-01,-0.567
1892-09-01,-0.485
1892-10-01,-0.547
1892-11-01,-0.643
1892-12-01,-0.628
1893-01-01,-0.859
1893-02-01,-0.809
1893-03-01,-0.726
1893-04-01,-0.651
1893-05-01,-0.633
1893-06-01,-0.486
1893-07-01,-0.507
1893-08-01,-0.528
1893-09-01,-0.571
1893-10-01,-0.531
1893-11-01,-0.583
1893-12-01,-0.72
1894-01-01,-0.848
1894-02-01,-0.788
1894-03-01,-0.674
1894-04-01,-0.736
1894-05-01,-0.558
1894-06-01,-0.726
1894-07-01,-0.513
1894-08-01,-0.461
1894-09-01,-0.595
1894-10-01,-0.574
1894-11-01,-0.535
1894-12-01,-0.546
1895-01-01,-0.644
1895-02-01,-0.682
1895-03-01,-0.604
1895-04-01,-0.528
1895-05-01,-0.593
1895-06-01,-0.493
1895-07-01,-0.396
1895-08-01,-0.404
1895-09-01,-0.47
1895-10-01,-0.441
1895-11-01,-0.43
1895-12-01,-0.512
1896-01-01,-0.484
1896-02-01,-0.492
1896-03-01,-0.518
1896-04-01,-0.614
1896-05-01,-0.528
1896-06-01,-0.373
1896-07-01,-0.363
1896-08-01,-0.311
1896-09-01,-0.37
1896-10-01,-0.196
1896-11-01,-0.326
1896-12-01,-0.357
1897-01-01,-0.408
1897-02-01,-0.533
1897-03-01,-0.488
1897-04-01,-0.273
1897-05-01,-0.366
1897-06-01,-0.398
1897-07-01,-0.324
1897-08-01,-0.323
1897-09-01,-0.388
1897-10-01,-0.446
1897-11-01,-0.409
1897-12-01,-0.386
1898-01-01,-0.537
1898-02-01,-0.64
1898-03-01,-0.805
1898-04-01,-0.64
1898-05-01,-0.528
1898-06-01,-0.448
1898-07-01,-0.421
1898-08-01,-0.438
1898-09-01,-0.446
1898-10-01,-0.58
1898-11-01,-0.665
1898-12-01,-0.577
1899-01-01,-0.62
1899-02-01,-0.68
1899-03-01,-0.587
1899-04-01,-0.54
1899-05-01,-0.555
1899-06-01,-0.539
1899-07-01,-0.407
1899-08-01,-0.327
1899-09-01,-0.255
1899-10-01,-0.414
1899-11-01,-0.279
1899-12-01,-0.341
1/1/00,-0.585
2/1/00,-0.31
3/1/00,-0.317
4/1/00,-0.453
5/1/00,-0.379
6/1/00,-0.338
7/1/00,-0.39
8/1/00,-0.373
9/1/00,-0.391
10/1/00,-0.211
11/1/00,-0.29
12/1/00,-0.327
1/1/01,-0.516
2/1/01,-0.447
3/1/01,-0.239
4/1/01,-0.271
5/1/01,-0.439
6/1/01,-0.403
7/1/01,-0.418
8/1/01,-0.406
9/1/01,-0.453
10/1/01,-0.528
11/1/01,-0.44
12/1/01,-0.42
1/1/02,-0.493
2/1/02,-0.402
3/1/02,-0.618
4/1/02,-0.59
5/1/02,-0.541
6/1/02,-0.482
7/1/02,-0.475
8/1/02,-0.502
9/1/02,-0.528
10/1/02,-0.508
11/1/02,-0.535
12/1/02,-0.662
1/1/03,-0.531
2/1/03,-0.556
3/1/03,-0.559
4/1/03,-0.737
5/1/03,-0.634
6/1/03,-0.601
7/1/03,-0.67
8/1/03,-0.708
9/1/03,-0.749
10/1/03,-0.754
11/1/03,-0.642
12/1/03,-0.856
1/1/04,-0.919
2/1/04,-0.865
3/1/04,-0.744
4/1/04,-0.84
5/1/04,-0.803
6/1/04,-0.739
7/1/04,-0.739
8/1/04,-0.735
9/1/04,-0.758
10/1/04,-0.628
11/1/04,-0.47
12/1/04,-0.591
1/1/05,-0.625
2/1/05,-0.832
3/1/05,-0.554
4/1/05,-0.627
5/1/05,-0.523
6/1/05,-0.467
7/1/05,-0.465
8/1/05,-0.546
9/1/05,-0.572
10/1/05,-0.568
11/1/05,-0.429
12/1/05,-0.533
1/1/06,-0.631
2/1/06,-0.55
3/1/06,-0.528
4/1/06,-0.336
5/1/06,-0.481
6/1/06,-0.412
7/1/06,-0.437
8/1/06,-0.493
9/1/06,-0.522
10/1/06,-0.392
11/1/06,-0.5
12/1/06,-0.388
1/1/07,-0.624
2/1/07,-0.82
3/1/07,-0.602
4/1/07,-0.71
5/1/07,-0.763
6/1/07,-0.662
7/1/07,-0.6
8/1/07,-0.561
9/1/07,-0.621
10/1/07,-0.477
11/1/07,-0.653
12/1/07,-0.727
1/1/08,-0.796
2/1/08,-0.599
3/1/08,-0.835
4/1/08,-0.815
5/1/08,-0.74
6/1/08,-0.653
7/1/08,-0.643
8/1/08,-0.725
9/1/08,-0.713
10/1/08,-0.729
11/1/08,-0.7
12/1/08,-0.753
1/1/09,-0.992
2/1/09,-0.761
3/1/09,-0.808
4/1/09,-0.857
5/1/09,-0.759
6/1/09,-0.771
7/1/09,-0.724
8/1/09,-0.625
9/1/09,-0.626
10/1/09,-0.572
11/1/09,-0.552
12/1/09,-0.736
1/1/10,-0.675
2/1/10,-0.743
3/1/10,-0.813
4/1/10,-0.697
5/1/10,-0.619
6/1/10,-0.636
7/1/10,-0.598
8/1/10,-0.603
9/1/10,-0.62
10/1/10,-0.668
11/1/10,-0.613
12/1/10,-0.871
1/1/11,-0.881
2/1/11,-0.923
3/1/11,-0.96
4/1/11,-0.701
5/1/11,-0.803
6/1/11,-0.771
7/1/11,-0.718
8/1/11,-0.691
9/1/11,-0.643
10/1/11,-0.496
11/1/11,-0.43
12/1/11,-0.49
1/1/12,-0.615
2/1/12,-0.538
3/1/12,-0.721
4/1/12,-0.543
5/1/12,-0.504
6/1/12,-0.501
7/1/12,-0.668
8/1/12,-0.744
9/1/12,-0.778
10/1/12,-0.829
11/1/12,-0.55
12/1/12,-0.666
1/1/13,-0.686
2/1/13,-0.716
3/1/13,-0.797
4/1/13,-0.713
5/1/13,-0.73
6/1/13,-0.678
7/1/13,-0.649
8/1/13,-0.538
9/1/13,-0.579
10/1/13,-0.58
11/1/13,-0.5
12/1/13,-0.346
1/1/14,-0.386
2/1/14,-0.462
3/1/14,-0.588
4/1/14,-0.553
5/1/14,-0.495
6/1/14,-0.493
7/1/14,-0.512
8/1/14,-0.506
9/1/14,-0.471
10/1/14,-0.32
11/1/14,-0.259
12/1/14,-0.331
1/1/15,-0.471
2/1/15,-0.368
3/1/15,-0.359
4/1/15,-0.223
5/1/15,-0.311
6/1/15,-0.432
7/1/15,-0.354
8/1/15,-0.408
9/1/15,-0.427
10/1/15,-0.45
11/1/15,-0.358
12/1/15,-0.564
1/1/16,-0.45
2/1/16,-0.489
3/1/16,-0.554
4/1/16,-0.526
5/1/16,-0.538
6/1/16,-0.612
7/1/16,-0.619
8/1/16,-0.503
9/1/16,-0.584
10/1/16,-0.573
11/1/16,-0.798
12/1/16,-1.06
1/1/17,-0.847
2/1/17,-0.974
3/1/17,-1.011
4/1/17,-0.843
5/1/17,-0.82
6/1/17,-0.69
7/1/17,-0.485
8/1/17,-0.499
9/1/17,-0.499
10/1/17,-0.699
11/1/17,-0.62
12/1/17,-0.872
1/1/18,-0.822
2/1/18,-0.778
3/1/18,-0.692
4/1/18,-0.764
5/1/18,-0.722
6/1/18,-0.681
7/1/18,-0.581
8/1/18,-0.567
9/1/18,-0.452
10/1/18,-0.369
11/1/18,-0.4
12/1/18,-0.544
1/1/19,-0.379
2/1/19,-0.583
3/1/19,-0.594
4/1/19,-0.357
5/1/19,-0.486
6/1/19,-0.637
7/1/19,-0.569
8/1/19,-0.658
9/1/19,-0.516
10/1/19,-0.511
11/1/19,-0.546
12/1/19,-0.649
1/1/20,-0.492
2/1/20,-0.546
3/1/20,-0.494
4/1/20,-0.598
5/1/20,-0.506
6/1/20,-0.589
7/1/20,-0.597
8/1/20,-0.531
9/1/20,-0.483
10/1/20,-0.464
11/1/20,-0.488
12/1/20,-0.686
1/1/21,-0.428
2/1/21,-0.602
3/1/21,-0.625
4/1/21,-0.62
5/1/21,-0.509
6/1/21,-0.526
7/1/21,-0.426
8/1/21,-0.445
9/1/21,-0.438
10/1/21,-0.286
11/1/21,-0.343
12/1/21,-0.46
1/1/22,-0.515
2/1/22,-0.753
3/1/22,-0.488
4/1/22,-0.477
5/1/22,-0.617
6/1/22,-0.603
7/1/22,-0.602
8/1/22,-0.616
9/1/22,-0.577
10/1/22,-0.55
11/1/22,-0.305
12/1/22,-0.442
1/1/23,-0.608
2/1/23,-0.667
3/1/23,-0.732
4/1/23,-0.651
5/1/23,-0.548
6/1/23,-0.513
7/1/23,-0.619
8/1/23,-0.66
9/1/23,-0.609
10/1/23,-0.435
11/1/23,-0.288
12/1/23,-0.349
1/1/24,-0.486
2/1/24,-0.518
3/1/24,-0.406
4/1/24,-0.523
5/1/24,-0.461
6/1/24,-0.502
7/1/24,-0.61
8/1/24,-0.652
9/1/24,-0.576
10/1/24,-0.567
11/1/24,-0.487
12/1/24,-0.656
1/1/25,-0.742
2/1/25,-0.703
3/1/25,-0.596
4/1/25,-0.498
5/1/25,-0.522
6/1/25,-0.58
7/1/25,-0.53
8/1/25,-0.518
9/1/25,-0.518
10/1/25,-0.368
11/1/25,-0.3
12/1/25,-0.285
1/1/26,-0.156
2/1/26,-0.299
3/1/26,-0.25
4/1/26,-0.31
5/1/26,-0.511
6/1/26,-0.466
7/1/26,-0.53
8/1/26,-0.473
9/1/26,-0.424
10/1/26,-0.251
11/1/26,-0.339
12/1/26,-0.563
1/1/27,-0.584
2/1/27,-0.496
3/1/27,-0.69
4/1/27,-0.616
5/1/27,-0.539
6/1/27,-0.478
7/1/27,-0.476
8/1/27,-0.362
9/1/27,-0.36
10/1/27,-0.263
11/1/27,-0.289
12/1/27,-0.595
1/1/28,-0.403
2/1/28,-0.459
3/1/28,-0.569
4/1/28,-0.541
5/1/28,-0.502
6/1/28,-0.504
7/1/28,-0.505
8/1/28,-0.512
9/1/28,-0.379
10/1/28,-0.443
11/1/28,-0.363
12/1/28,-0.43
1/1/29,-0.672
2/1/29,-0.78
3/1/29,-0.658
4/1/29,-0.717
5/1/29,-0.657
6/1/29,-0.712
7/1/29,-0.678
8/1/29,-0.526
9/1/29,-0.498
10/1/29,-0.414
11/1/29,-0.435
12/1/29,-0.777
1/1/30,-0.637
2/1/30,-0.571
3/1/30,-0.514
4/1/30,-0.459
5/1/30,-0.484
6/1/30,-0.448
7/1/30,-0.386
8/1/30,-0.425
9/1/30,-0.429
10/1/30,-0.33
11/1/30,-0.074
12/1/30,-0.305
1/1/31,-0.339
2/1/31,-0.52
3/1/31,-0.41
4/1/31,-0.467
5/1/31,-0.449
6/1/31,-0.345
7/1/31,-0.319
8/1/31,-0.294
9/1/31,-0.274
10/1/31,-0.236
11/1/31,-0.3
12/1/31,-0.348
1/1/32,-0.194
2/1/32,-0.538
3/1/32,-0.467
4/1/32,-0.351
5/1/32,-0.44
6/1/32,-0.437
7/1/32,-0.518
8/1/32,-0.558
9/1/32,-0.356
10/1/32,-0.323
11/1/32,-0.511
12/1/32,-0.512
1/1/33,-0.473
2/1/33,-0.627
3/1/33,-0.563
4/1/33,-0.523
5/1/33,-0.533
6/1/33,-0.569
7/1/33,-0.543
8/1/33,-0.535
9/1/33,-0.604
10/1/33,-0.44
11/1/33,-0.538
12/1/33,-0.648
1/1/34,-0.583
2/1/34,-0.424
3/1/34,-0.614
4/1/34,-0.589
5/1/34,-0.364
6/1/34,-0.424
7/1/34,-0.398
8/1/34,-0.381
9/1/34,-0.346
10/1/34,-0.279
11/1/34,-0.205
12/1/34,-0.343
1/1/35,-0.605
2/1/35,-0.219
3/1/35,-0.515
4/1/35,-0.682
5/1/35,-0.555
6/1/35,-0.588
7/1/35,-0.417
8/1/35,-0.414
9/1/35,-0.389
10/1/35,-0.318
11/1/35,-0.427
12/1/35,-0.407
1/1/36,-0.611
2/1/36,-0.618
3/1/36,-0.548
4/1/36,-0.469
5/1/36,-0.453
6/1/36,-0.472
7/1/36,-0.348
8/1/36,-0.314
9/1/36,-0.357
10/1/36,-0.247
11/1/36,-0.285
12/1/36,-0.31
1/1/37,-0.383
2/1/37,-0.339
3/1/37,-0.546
4/1/37,-0.488
5/1/37,-0.351
6/1/37,-0.345
7/1/37,-0.326
8/1/37,-0.221
9/1/37,-0.147
10/1/37,-0.156
11/1/37,-0.143
12/1/37,-0.359
1/1/38,-0.291
2/1/38,-0.292
3/1/38,-0.273
4/1/38,-0.261
5/1/38,-0.373
6/1/38,-0.501
7/1/38,-0.326
8/1/38,-0.32
9/1/38,-0.242
10/1/38,-0.161
11/1/38,-0.197
12/1/38,-0.406
1/1/39,-0.378
2/1/39,-0.396
3/1/39,-0.564
4/1/39,-0.439
5/1/39,-0.319
6/1/39,-0.318
7/1/39,-0.267
8/1/39,-0.219
9/1/39,-0.306
10/1/39,-0.283
11/1/39,-0.164
12/1/39,0.152
1/1/40,-0.199
2/1/40,-0.221
3/1/40,-0.225
4/1/40,-0.093
5/1/40,-0.159
6/1/40,-0.244
7/1/40,-0.21
8/1/40,-0.245
9/1/40,-0.174
10/1/40,-0.092
11/1/40,-0.074
12/1/40,0.036
1/1/41,-0.137
2/1/41,-0.024
3/1/41,-0.216
4/1/41,-0.075
5/1/41,-0.105
6/1/41,-0.144
7/1/41,-0.093
8/1/41,-0.066
9/1/41,-0.177
10/1/41,0.064
11/1/41,0.007
12/1/41,-0.026
1/1/42,-0.016
2/1/42,-0.328
3/1/42,-0.273
4/1/42,-0.188
5/1/42,-0.207
6/1/42,-0.189
7/1/42,-0.289
8/1/42,-0.25
9/1/42,-0.231
10/1/42,-0.235
11/1/42,-0.155
12/1/42,-0.252
1/1/43,-0.33
2/1/43,-0.259
3/1/43,-0.394
4/1/43,-0.212
5/1/43,-0.296
6/1/43,-0.419
7/1/43,-0.219
8/1/43,-0.268
9/1/43,-0.243
10/1/43,-0.022
11/1/43,-0.056
12/1/43,-0.1
1/1/44,-0.002
2/1/44,-0.055
3/1/44,-0.047
4/1/44,-0.128
5/1/44,-0.073
6/1/44,-0.108
7/1/44,-0.145
8/1/44,-0.124
9/1/44,0.043
10/1/44,0.014
11/1/44,-0.054
12/1/44,-0.136
1/1/45,-0.122
2/1/45,-0.265
3/1/45,-0.274
4/1/45,-0.035
5/1/45,-0.169
6/1/45,-0.195
7/1/45,-0.198
8/1/45,0.058
9/1/45,-0.064
10/1/45,-0.128
11/1/45,-0.146
12/1/45,-0.321
1/1/46,-0.123
2/1/46,-0.309
3/1/46,-0.391
4/1/46,-0.303
5/1/46,-0.313
6/1/46,-0.443
7/1/46,-0.404
8/1/46,-0.436
9/1/46,-0.326
10/1/46,-0.323
11/1/46,-0.253
12/1/46,-0.505
1/1/47,-0.314
2/1/47,-0.338
3/1/47,-0.303
4/1/47,-0.237
5/1/47,-0.314
6/1/47,-0.24
7/1/47,-0.302
8/1/47,-0.374
9/1/47,-0.396
10/1/47,-0.234
11/1/47,-0.274
12/1/47,-0.428
1/1/48,-0.314
2/1/48,-0.428
3/1/48,-0.564
4/1/48,-0.372
5/1/48,-0.205
6/1/48,-0.377
7/1/48,-0.337
8/1/48,-0.339
9/1/48,-0.394
10/1/48,-0.293
11/1/48,-0.337
12/1/48,-0.527
1/1/49,-0.236
2/1/49,-0.443
3/1/49,-0.321
4/1/49,-0.37
5/1/49,-0.315
6/1/49,-0.466
7/1/49,-0.378
8/1/49,-0.379
9/1/49,-0.432
10/1/49,-0.316
11/1/49,-0.365
12/1/49,-0.424
1/1/50,-0.513
2/1/50,-0.551
3/1/50,-0.414
4/1/50,-0.494
5/1/50,-0.307
6/1/50,-0.321
7/1/50,-0.358
8/1/50,-0.389
9/1/50,-0.363
10/1/50,-0.446
11/1/50,-0.554
12/1/50,-0.533
1/1/51,-0.637
2/1/51,-0.725
3/1/51,-0.479
4/1/51,-0.479
5/1/51,-0.283
6/1/51,-0.285
7/1/51,-0.264
8/1/51,-0.198
9/1/51,-0.144
10/1/51,-0.132
11/1/51,-0.262
12/1/51,-0.138
1/1/52,-0.167
2/1/52,-0.223
3/1/52,-0.376
4/1/52,-0.238
5/1/52,-0.311
6/1/52,-0.313
7/1/52,-0.246
8/1/52,-0.229
9/1/52,-0.212
10/1/52,-0.218
11/1/52,-0.33
12/1/52,-0.293
1/1/53,-0.227
2/1/53,-0.17
3/1/53,-0.184
4/1/53,-0.073
5/1/53,-0.142
6/1/53,-0.137
7/1/53,-0.296
8/1/53,-0.262
9/1/53,-0.282
10/1/53,-0.16
11/1/53,-0.276
12/1/53,-0.262
1/1/54,-0.476
2/1/54,-0.398
3/1/54,-0.472
4/1/54,-0.479
5/1/54,-0.486
6/1/54,-0.403
7/1/54,-0.378
8/1/54,-0.407
9/1/54,-0.373
10/1/54,-0.275
11/1/54,-0.221
12/1/54,-0.441
1/1/55,-0.191
2/1/55,-0.527
3/1/55,-0.638
4/1/55,-0.523
5/1/55,-0.457
6/1/55,-0.431
7/1/55,-0.39
8/1/55,-0.254
9/1/55,-0.357
10/1/55,-0.321
11/1/55,-0.492
12/1/55,-0.591
1/1/56,-0.413
2/1/56,-0.511
3/1/56,-0.481
4/1/56,-0.565
5/1/56,-0.567
6/1/56,-0.469
7/1/56,-0.397
8/1/56,-0.545
9/1/56,-0.476
10/1/56,-0.497
11/1/56,-0.394
12/1/56,-0.333
1/1/57,-0.353
2/1/57,-0.416
3/1/57,-0.423
4/1/57,-0.28
5/1/57,-0.205
6/1/57,-0.137
7/1/57,-0.236
8/1/57,-0.134
9/1/57,-0.17
10/1/57,-0.202
11/1/57,-0.203
12/1/57,-0.21
1/1/58,0.036
2/1/58,-0.146
3/1/58,-0.224
4/1/58,-0.254
5/1/58,-0.222
6/1/58,-0.274
7/1/58,-0.184
8/1/58,-0.28
9/1/58,-0.303
10/1/58,-0.227
11/1/58,-0.256
12/1/58,-0.231
1/1/59,-0.205
2/1/59,-0.236
3/1/59,-0.124
4/1/59,-0.178
5/1/59,-0.225
6/1/59,-0.216
7/1/59,-0.208
8/1/59,-0.244
9/1/59,-0.268
10/1/59,-0.261
11/1/59,-0.301
12/1/59,-0.293
1/1/60,-0.279
2/1/60,-0.193
3/1/60,-0.591
4/1/60,-0.429
5/1/60,-0.379
6/1/60,-0.326
7/1/60,-0.295
8/1/60,-0.248
9/1/60,-0.209
10/1/60,-0.205
11/1/60,-0.376
12/1/60,-0.086
1/1/61,-0.205
2/1/61,-0.17
3/1/61,-0.229
4/1/61,-0.178
5/1/61,-0.173
6/1/61,-0.188
7/1/61,-0.234
8/1/61,-0.238
9/1/61,-0.215
10/1/61,-0.271
11/1/61,-0.227
12/1/61,-0.434
1/1/62,-0.251
2/1/62,-0.178
3/1/62,-0.192
4/1/62,-0.272
5/1/62,-0.354
6/1/62,-0.283
7/1/62,-0.269
8/1/62,-0.294
9/1/62,-0.258
10/1/62,-0.229
11/1/62,-0.151
12/1/62,-0.292
1/1/63,-0.314
2/1/63,-0.138
3/1/63,-0.452
4/1/63,-0.354
5/1/63,-0.348
6/1/63,-0.286
7/1/63,-0.224
8/1/63,-0.093
9/1/63,-0.113
10/1/63,-0.124
11/1/63,-0.146
12/1/63,-0.273
1/1/64,-0.364
2/1/64,-0.438
3/1/64,-0.555
4/1/64,-0.586
5/1/64,-0.515
6/1/64,-0.347
7/1/64,-0.33
8/1/64,-0.415
9/1/64,-0.523
10/1/64,-0.533
11/1/64,-0.502
12/1/64,-0.553
1/1/65,-0.389
2/1/65,-0.499
3/1/65,-0.477
4/1/65,-0.492
5/1/65,-0.418
6/1/65,-0.398
7/1/65,-0.373
8/1/65,-0.315
9/1/65,-0.354
10/1/65,-0.251
11/1/65,-0.262
12/1/65,-0.35
1/1/66,-0.466
2/1/66,-0.372
3/1/66,-0.351
4/1/66,-0.437
5/1/66,-0.359
6/1/66,-0.275
7/1/66,-0.173
8/1/66,-0.313
9/1/66,-0.281
10/1/66,-0.396
11/1/66,-0.285
12/1/66,-0.338
1/1/67,-0.408
2/1/67,-0.52
3/1/67,-0.307
4/1/67,-0.33
5/1/67,-0.127
6/1/67,-0.312
7/1/67,-0.284
8/1/67,-0.265
9/1/67,-0.279
10/1/67,-0.135
11/1/67,-0.312
12/1/67,-0.302
1/1/68,-0.535
2/1/68,-0.479
3/1/68,-0.187
4/1/68,-0.37
5/1/68,-0.376
6/1/68,-0.332
7/1/68,-0.391
8/1/68,-0.309
9/1/68,-0.375
10/1/68,-0.202
11/1/68,-0.355
12/1/68,-0.429
1/1/69,-0.393
2/1/69,-0.411
3/1/69,-0.271
4/1/69,-0.135
5/1/69,-0.092
6/1/69,-0.212
7/1/69,-0.274
8/1/69,-0.232
9/1/69,-0.179
10/1/69,-0.122
11/1/69,-0.123
12/1/69,-0.031
1/1/70,-0.146
2/1/70,-0.13
3/1/70,-0.243
4/1/70,-0.224
5/1/70,-0.285
6/1/70,-0.294
7/1/70,-0.257
8/1/70,-0.341
9/1/70,-0.184
10/1/70,-0.249
11/1/70,-0.245
12/1/70,-0.41
1/1/71,-0.363
2/1/71,-0.489
3/1/71,-0.455
4/1/71,-0.384
5/1/71,-0.322
6/1/71,-0.405
7/1/71,-0.331
8/1/71,-0.296
9/1/71,-0.243
10/1/71,-0.343
11/1/71,-0.363
12/1/71,-0.378
1/1/72,-0.494
2/1/72,-0.467
3/1/72,-0.267
4/1/72,-0.261
5/1/72,-0.306
6/1/72,-0.189
7/1/72,-0.228
8/1/72,-0.09
9/1/72,-0.191
10/1/72,-0.141
11/1/72,-0.229
12/1/72,-0.08
1/1/73,-0.004
2/1/73,0.001
3/1/73,-0.059
4/1/73,0.003
5/1/73,-0.031
6/1/73,-0.043
7/1/73,-0.147
8/1/73,-0.194
9/1/73,-0.158
10/1/73,-0.155
11/1/73,-0.217
12/1/73,-0.319
1/1/74,-0.396
2/1/74,-0.595
3/1/74,-0.408
4/1/74,-0.393
5/1/74,-0.307
6/1/74,-0.317
7/1/74,-0.287
8/1/74,-0.184
9/1/74,-0.338
10/1/74,-0.283
11/1/74,-0.364
12/1/74,-0.412
1/1/75,-0.265
2/1/75,-0.241
3/1/75,-0.192
4/1/75,-0.234
5/1/75,-0.164
6/1/75,-0.237
7/1/75,-0.281
8/1/75,-0.388
9/1/75,-0.263
10/1/75,-0.408
11/1/75,-0.447
12/1/75,-0.435
1/1/76,-0.339
2/1/76,-0.416
3/1/76,-0.505
4/1/76,-0.339
5/1/76,-0.492
6/1/76,-0.386
7/1/76,-0.302
8/1/76,-0.334
9/1/76,-0.269
10/1/76,-0.467
11/1/76,-0.307
12/1/76,-0.158
1/1/77,-0.083
2/1/77,-0.138
3/1/77,-0.123
4/1/77,-0.062
5/1/77,-0.005
6/1/77,-0.036
7/1/77,-0.08
8/1/77,-0.07
9/1/77,-0.169
10/1/77,-0.187
11/1/77,-0.067
12/1/77,-0.222
1/1/78,-0.204
2/1/78,-0.182
3/1/78,-0.134
4/1/78,-0.175
5/1/78,-0.203
6/1/78,-0.274
7/1/78,-0.214
8/1/78,-0.366
9/1/78,-0.188
10/1/78,-0.203
11/1/78,-0.079
12/1/78,-0.196
1/1/79,-0.165
2/1/79,-0.38
3/1/79,-0.178
4/1/79,-0.23
5/1/79,-0.177
6/1/79,-0.121
7/1/79,-0.184
8/1/79,-0.087
9/1/79,-0.011
10/1/79,0.024
11/1/79,0.014
12/1/79,0.192
1/1/80,0.04
2/1/80,0.115
3/1/80,-0.003
4/1/80,0.028
5/1/80,0.075
6/1/80,-0.045
7/1/80,0.009
8/1/80,-0.019
9/1/80,-0.033
10/1/80,-0.068
11/1/80,0
12/1/80,-0.082
1/1/81,0.189
2/1/81,0.079
3/1/81,0.109
4/1/81,0.013
5/1/81,-0.032
6/1/81,0.012
7/1/81,0.013
8/1/81,0.051
9/1/81,-0.066
10/1/81,-0.011
11/1/81,0.024
12/1/81,0.137
1/1/82,-0.226
2/1/82,-0.135
3/1/82,-0.297
4/1/82,-0.168
5/1/82,-0.136
6/1/82,-0.213
7/1/82,-0.118
8/1/82,-0.187
9/1/82,-0.088
10/1/82,-0.092
11/1/82,-0.096
12/1/82,0.127
1/1/83,0.174
2/1/83,0.119
3/1/83,0.071
4/1/83,-0.044
5/1/83,0.065
6/1/83,-0.016
7/1/83,-0.075
8/1/83,0.069
9/1/83,0.135
10/1/83,-0.034
11/1/83,0.093
12/1/83,-0.081
1/1/84,-0.014
2/1/84,-0.144
3/1/84,-0.044
4/1/84,-0.201
5/1/84,0.045
6/1/84,-0.209
7/1/84,-0.127
8/1/84,-0.089
9/1/84,-0.049
10/1/84,-0.092
11/1/84,-0.182
12/1/84,-0.298
1/1/85,-0.047
2/1/85,-0.304
3/1/85,-0.134
4/1/85,-0.178
5/1/85,-0.116
6/1/85,-0.122
7/1/85,-0.262
8/1/85,-0.126
9/1/85,-0.119
10/1/85,-0.131
11/1/85,-0.149
12/1/85,-0.131
1/1/86,-0.04
2/1/86,0.048
3/1/86,-0.041
4/1/86,-0.07
5/1/86,-0.043
6/1/86,-0.14
7/1/86,-0.135
8/1/86,-0.101
9/1/86,-0.163
10/1/86,-0.085
11/1/86,-0.123
12/1/86,-0.104
1/1/87,0.028
2/1/87,0.044
3/1/87,-0.156
4/1/87,-0.06
5/1/87,0.003
6/1/87,0.048
7/1/87,0.176
8/1/87,0.014
9/1/87,0.111
10/1/87,0.075
11/1/87,0
12/1/87,0.13
1/1/88,0.226
2/1/88,0.121
3/1/88,0.168
4/1/88,0.127
5/1/88,0.15
6/1/88,0.115
7/1/88,0.053
8/1/88,0.11
9/1/88,0.099
10/1/88,0.103
11/1/88,-0.116
12/1/88,-0.028
1/1/89,-0.209
2/1/89,-0.021
3/1/89,-0.031
4/1/89,-0.019
5/1/89,-0.109
6/1/89,-0.095
7/1/89,-0.002
8/1/89,0.037
9/1/89,0.1
10/1/89,0.058
11/1/89,-0.089
12/1/89,0.092
1/1/90,0.069
2/1/90,0.061
3/1/90,0.398
4/1/90,0.283
5/1/90,0.205
6/1/90,0.075
7/1/90,0.112
8/1/90,0.059
9/1/90,0.032
10/1/90,0.159
11/1/90,0.146
12/1/90,0.107
1/1/91,0.09
2/1/91,0.157
3/1/91,0.016
4/1/91,0.194
5/1/91,0.107
6/1/91,0.227
7/1/91,0.18
8/1/91,0.12
9/1/91,0.13
10/1/91,0.068
11/1/91,0.043
12/1/91,-0.02
1/1/92,0.114
2/1/92,0.091
3/1/92,0.125
4/1/92,-0.029
5/1/92,0.031
6/1/92,-0.014
7/1/92,-0.164
8/1/92,-0.189
9/1/92,-0.25
10/1/92,-0.199
11/1/92,-0.212
12/1/92,-0.117
1/1/93,0.016
2/1/93,0.054
3/1/93,0.021
4/1/93,-0.009
5/1/93,-0.011
6/1/93,-0.008
7/1/93,-0.037
8/1/93,-0.115
9/1/93,-0.096
10/1/93,-0.003
11/1/93,-0.183
12/1/93,-0.114
1/1/94,-0.087
2/1/94,-0.28
3/1/94,-0.048
4/1/94,0.071
5/1/94,0.016
6/1/94,0.112
7/1/94,0.018
8/1/94,-0.05
9/1/94,0.063
10/1/94,0.183
11/1/94,0.168
12/1/94,0.068
1/1/95,0.219
2/1/95,0.414
3/1/95,0.154
4/1/95,0.178
5/1/95,0.016
6/1/95,0.149
7/1/95,0.193
8/1/95,0.236
9/1/95,0.126
10/1/95,0.177
11/1/95,0.197
12/1/95,-0.014
1/1/96,-0.042
2/1/96,0.146
3/1/96,0.025
4/1/96,0.013
5/1/96,0.018
6/1/96,-0.021
7/1/96,0.07
8/1/96,0.154
9/1/96,-0.003
10/1/96,-0.052
11/1/96,0.134
12/1/96,0.04
1/1/97,-0.059
2/1/97,0.027
3/1/97,0.164
4/1/97,0.065
5/1/97,0.079
6/1/97,0.246
7/1/97,0.124
8/1/97,0.172
9/1/97,0.321
10/1/97,0.381
11/1/97,0.363
12/1/97,0.261
1/1/98,0.275
2/1/98,0.468
3/1/98,0.286
4/1/98,0.398
5/1/98,0.383
6/1/98,0.422
7/1/98,0.403
8/1/98,0.418
9/1/98,0.214
10/1/98,0.184
11/1/98,0.183
12/1/98,0.259
1/1/99,0.147
2/1/99,0.306
3/1/99,0.013
4/1/99,0.038
5/1/99,0.007
6/1/99,0.095
7/1/99,0.076
8/1/99,0.085
9/1/99,0.136
10/1/99,0.082
11/1/99,0.102
12/1/99,0.147
1/1/00,-0.006
2/1/00,0.196
3/1/00,0.175
4/1/00,0.267
5/1/00,0.054
6/1/00,0.073
7/1/00,0.101
8/1/00,0.141
9/1/00,0.158
10/1/00,0.047
11/1/00,0.038
12/1/00,-0.024
1/1/01,0.137
2/1/01,0.092
3/1/01,0.193
4/1/01,0.205
5/1/01,0.255
6/1/01,0.215
7/1/01,0.319
8/1/01,0.245
9/1/01,0.263
10/1/01,0.24
11/1/01,0.425
12/1/01,0.301
1/1/02,0.36
2/1/02,0.342
3/1/02,0.477
4/1/02,0.236
5/1/02,0.344
6/1/02,0.268
7/1/02,0.338
8/1/02,0.268
9/1/02,0.322
10/1/02,0.308
11/1/02,0.311
12/1/02,0.187
1/1/03,0.388
2/1/03,0.28
3/1/03,0.237
4/1/03,0.249
5/1/03,0.288
6/1/03,0.18
7/1/03,0.274
8/1/03,0.348
9/1/03,0.4
10/1/03,0.487
11/1/03,0.297
12/1/03,0.413
1/1/04,0.301
2/1/04,0.359
3/1/04,0.321
4/1/04,0.291
5/1/04,0.085
6/1/04,0.126
7/1/04,0.064
8/1/04,0.196
9/1/04,0.262
10/1/04,0.365
11/1/04,0.437
12/1/04,0.218
1/1/05,0.444
2/1/05,0.286
3/1/05,0.387
4/1/05,0.359
5/1/05,0.349
6/1/05,0.352
7/1/05,0.341
8/1/05,0.305
9/1/05,0.418
10/1/05,0.477
11/1/05,0.504
12/1/05,0.405
1/1/06,0.279
2/1/06,0.416
3/1/06,0.3
4/1/06,0.223
5/1/06,0.238
6/1/06,0.326
7/1/06,0.26
8/1/06,0.415
9/1/06,0.38
10/1/06,0.427
11/1/06,0.423
12/1/06,0.463
1/1/07,0.596
2/1/07,0.362
3/1/07,0.33
4/1/07,0.455
5/1/07,0.329
6/1/07,0.278
7/1/07,0.289
8/1/07,0.275
9/1/07,0.313
10/1/07,0.345
11/1/07,0.307
12/1/07,0.167
1/1/08,-0.043
2/1/08,-0.012
3/1/08,0.355
4/1/08,0.194
5/1/08,0.195
6/1/08,0.17
7/1/08,0.289
8/1/08,0.234
9/1/08,0.326
10/1/08,0.419
11/1/08,0.436
12/1/08,0.273
1/1/09,0.351
2/1/09,0.2
3/1/09,0.18
4/1/09,0.25
5/1/09,0.313
6/1/09,0.363
7/1/09,0.438
8/1/09,0.414
9/1/09,0.474
10/1/09,0.433
11/1/09,0.5
12/1/09,0.396
1/1/10,0.44
2/1/10,0.491
3/1/10,0.544
4/1/10,0.551
5/1/10,0.467
6/1/10,0.39
7/1/10,0.374
8/1/10,0.358
9/1/10,0.369
10/1/10,0.429
11/1/10,0.513
12/1/10,0.191
1/1/11,0.227
2/1/11,0.174
3/1/11,0.297
4/1/11,0.344
5/1/11,0.245
6/1/11,0.306
7/1/11,0.396
8/1/11,0.4
9/1/11,0.329
10/1/11,0.405
11/1/11,0.29
12/1/11,0.266
1/1/12,0.192
2/1/12,0.175
3/1/12,0.185
4/1/12,0.397
5/1/12,0.44
6/1/12,0.386
7/1/12,0.334
8/1/12,0.372
9/1/12,0.458
10/1/12,0.525
11/1/12,0.488
12/1/12,0.211
1/1/13,0.363
2/1/13,0.258
3/1/13,0.296
4/1/13,0.273
5/1/13,0.347
6/1/13,0.391
7/1/13,0.317
8/1/13,0.394
9/1/13,0.476
10/1/13,0.422
11/1/13,0.526
12/1/13,0.387
1/1/14,0.426
2/1/14,0.241
3/1/14,0.446
4/1/14,0.469
5/1/14,0.516
6/1/14,0.408
7/1/14,0.35
8/1/14,0.53
9/1/14,0.561
10/1/14,0.531
11/1/14,0.404
12/1/14,0.485
1/1/15,0.517
2/1/15,0.54
3/1/15,0.589
4/1/15,0.493
5/1/15,0.515
6/1/15,0.554
7/1/15,0.487
8/1/15,0.548
9/1/15,0.648
10/1/15,0.808
11/1/15,0.786
12/1/15,0.805
1/1/16,0.883
2/1/16,1
3/1/16,0.982
4/1/16,0.815
5/1/16,0.649
6/1/16,0.534
7/1/16,0.576
8/1/16,0.708
9/1/16,0.669
10/1/16,0.611
11/1/16,0.667
12/1/16,0.58
1/1/17,0.722
2/1/17,0.761
3/1/17,0.762
4/1/17,0.627
5/1/17,0.599
6/1/17,0.46
7/1/17,0.557
8/1/17,0.583
9/1/17,0.581
10/1/17,0.658
11/1/17,0.628
12/1/17,0.644
1/1/18,0.522
2/1/18,0.55
3/1/18,0.525
4/1/18,0.581
5/1/18,0.528
6/1/18,0.487
7/1/18,0.542
8/1/18,0.524
9/1/18,0.542
10/1/18,0.761
11/1/18,0.588
12/1/18,0.625
1/1/19,0.607
2/1/19,0.573
3/1/19,0.797
4/1/19,0.722
5/1/19,0.595
6/1/19,0.604
7/1/19,0.623
8/1/19,0.645
9/1/19,0.662
10/1/19,0.763
11/1/19,0.723
12/1/19,0.803
1/1/20,0.842
2/1/20,0.871
3/1/20,0.791
4/1/20,0.811
5/1/20,0.686
6/1/20,0.624
7/1/20,0.613
8/1/20,0.612
9/1/20,0.715
10/1/20,0.653
11/1/20,0.809
12/1/20,0.507
1/1/21,0.511
2/1/21,0.31
3/1/21,0.536
4/1/21,0.477
5/1/21,0.506
6/1/21,0.532
7/1/21,0.608
8/1/21,0.587
9/1/21,0.651
10/1/21,0.733
11/1/21,0.677
12/1/21,0.577
1/1/22,0.602
2/1/22,0.559
3/1/22,0.716
4/1/22,0.559
5/1/22,0.517
6/1/22,0.614
7/1/22,0.604
8/1/22,0.628
9/1/22,0.595
10/1/22,0.701
11/1/22,0.491
12/1/22,0.502
1/1/23,0.572
2/1/23,0.68
3/1/23,0.872
4/1/23,0.668
5/1/23,0.66
6/1/23,0.765
7/1/23,0.886
8/1/23,0.971
9/1/23,1.149
10/1/23,1.111
11/1/23,1.166
12/1/23,1.072
1/1/24,0.984
2/1/24,1.066
3/1/24,0.989
4/1/24,0.958
5/1/24,0.869
6/1/24,0.899
7/1/24,0.911
8/1/24,0.969
9/1/24,0.959
10/1/24,1.076
11/1/24,1.07
12/1/24,0.965
1/1/25,1.022
2/1/25,0.918
3/1/25,1.011
4/1/25,0.897
5/1/25,0.788
6/1/25,0.673
7/1/25,0.702
8/1/25,0.823
9/1/25,0.896
10/1/25,0.935
11/1/25,0.916